Löpargrupp,Kontaktperson,Mailadress,Telefonnummer,Instagramprofil,Hemsida
Yo Running Club (Stockholm),,,,https://www.instagram.com/yorunningclub,https://runclubs.se/yo-running-club.html
Stockholm Run Club (Stockholm),,,,https://www.instagram.com/stockholmrunclub,https://runclubs.se/stockholm-run-club.html
Dopest Runners (Stockholm),,,,https://www.instagram.com/dopestrunners,https://runclubs.se/dopest-runners.html
RTC (Roberg Training Club) (Stockholm),,,,https://www.instagram.com/robergtrainingclub/,https://runclubs.se/rtc.html
Triple Threshold RC (Stockholm),,,,https://www.instagram.com/triplethresholdrc/,https://runclubs.se/triple-threshold-rc.html
Burgers 'N' Brew Run Crew (Stockholm),,,,https://www.instagram.com/bnbrc_/,https://runclubs.se/burgers-n-brew-run-crew.html
Running Around Club (Stockholm),,,,,
ZLK — Zinken Löpklubb (Stockholm),,,,https://www.instagram.com/zlk_zinken_lopklubb/,https://runclubs.se/zlk-zinken-lopklubb.html
Söderlöparna Stockholm (Stockholm),,,,,https://runclubs.se/soderloparna-stockholm.html
Runday (Stockholm),,,,https://www.instagram.com/rundaymonday/,https://runclubs.se/runday.html
Run Collective Stockholm (Stockholm),,,,https://www.instagram.com/runcollectivestockholm/,https://runclubs.se/run-collective-stockholm.html
Mikkeller Running Club Stockholm (Stockholm),,,,https://www.instagram.com/mrc_sthlm/,https://runclubs.se/mikkeller-running-club-sthlm.html
Mellqvist Run Club (Stockholm),,,,https://www.instagram.com/mellqvistrunclub/,https://runclubs.se/mellqvist-run-club.html
Slowrunners Sthlm (Stockholm),,,,,https://runclubs.se/slowrunners-sthlm.html
Svedjans Löpsällskap (Stockholm),,,,https://www.instagram.com/svedjanslopsallskap/,https://runclubs.se/svedjans-lopsallskap.html
&morerunning (Stockholm),,,,https://www.instagram.com/andmorerunning/,https://runclubs.se/andmorerunning.html
Löpning för tjejer (Stockholm),,,,,https://runclubs.se/lopning-for-tjejer.html
Högdalen Run Club (Stockholm),,,,https://www.instagram.com/hogdalenrunclub/,https://runclubs.se/hogdalen-run-club.html
Pulse Pacers (Stockholm),,,,https://www.instagram.com/pulse.pacers/,https://runclubs.se/pulse-pacers.html
Solemates Runclub (Stockholm),,,,https://www.instagram.com/solematessthlm/,https://runclubs.se/solemates-runclub.html
YMR Track Club (Stockholm),,,,https://www.instagram.com/ymrstockholm/,
Göteborg Running Club (Göteborg),,,,https://www.instagram.com/goteborgrunningclub/,https://runclubs.se/goteborg-running-club.html
Sweden Runners Göteborg (Göteborg),,,,https://www.instagram.com/swedenrunnersgoteborg,https://runclubs.se/sweden-runners-goteborg.html
Aero Boys Club (Göteborg),,,,https://www.instagram.com/aeroboysclub/,https://runclubs.se/aero-boys-club.html
East Run Club (Göteborg),,,,https://www.instagram.com/eastrunclubgbg/,https://runclubs.se/east-run-club.html
Slowrunners Göteborg (Göteborg),,,,https://www.instagram.com/slowrunnersgoteborg/,https://runclubs.se/slowrunners-goteborg.html
She Runs Club (Göteborg),,,,https://www.instagram.com/she.runs.club/,https://runclubs.se/she-runs-club.html
Core Run Club (Göteborg),,,,https://www.instagram.com/corerunclubgbg/,https://runclubs.se/core-run-club.html
ESS Runners Club (Göteborg),,,,https://www.instagram.com/essrunnersclub/,https://runclubs.se/ess-runners-club.html
Måndagsklubben GBG (Göteborg),,,,https://www.instagram.com/mandagsklubben_gbg/,https://www.strava.com/clubs/1184888
MRC Malmö (Malmö),,,,https://www.instagram.com/mrc_malmo/,https://runclubs.se/mrc-malmo.html
Sweden Runners Malmö (Malmö),,,,,https://runclubs.se/sweden-runners-malmo.html
Team Nordic Trail Malmö (Malmö),,,,,
VarjeSteg (Malmö),,,,,
Heleneholms IF (Malmö),,,,,
Slowrunners Malmö (Malmö),,,,,
