Fil,Title,Description
aero-boys-club.html,Aero Boys Club Göteborg — Löpargrupp | Runclubs.se,Aero Boys Club — Göteborgs mest hemlighetsfulla löpargrupp. Info släpps snart. Håll koll här så du inte missar nästa drop.
andmorerunning.html,&amp;morerunning Stockholm — Löpargrupp för Tjejer | Runclubs.se,"&amp;morerunning — nystartad Stockholmsklubb för tjejer. Söndagar 11:00, chill tempo och bra sällskap. Kom och testa första passet utan anmälan."
burgers-n-brew-run-crew.html,Burgers 'N' Brew Run Crew — Löpargrupp Stockholm | Runclubs.se,"Stockholms intervallkollektiv sedan 2017 — snabbare ben, burgare och öl efter passet. Onsdagar i Stockholm. Testa första passet och häng med."
core-run-club.html,Core Run Club Göteborg — Löpargrupp för Tjejer | Runclubs.se,"Core Run Club Göteborg — crew för tjejer. Distans- och tempopass varvat. Bli starkare, snabbare och hitta ditt nya hängäng. Häng med idag."
dc-run-club.html,Omdirigerar till Saucony Run Club Sverige…,
dopest-runners.html,Dopest Runners Stockholm — Löpargrupp | Runclubs.se,"Dopest Runners Stockholm — tisdagar, torsdagar och söndagar från Liljeholmen. Bag drop på varje pass. Alla nivåer välkomna — häng med och dyk in."
east-run-club.html,East Run Club Göteborg — Löpargrupp med Events | Runclubs.se,East Run Club Göteborg — löpargruppen som ordnar events. Start från Waernsgatan 4A. Alla nivåer välkomna. Hitta tider och häng med.
ess-runners-club.html,ESS Runners Club Göteborg — Löpargrupp | Runclubs.se,"ESS Runners Club Göteborg — torsdagsmorgnar 07:00 när staden vaknar. Löpning, snack och frukostmingel efter. Gratis — hoppa på och testa vibben."
goteborg-running-club.html,Göteborg Running Club — Löpargrupp Slottsskogen | Runclubs.se,"Göteborgs mest välkomnande löparklubb sedan 2011. Gratis pass varje tisdag 18:00 i Slottsskogen. Ingen anmälan — alla nivåer välkomna, bara dyk in."
goteborg-running-events.html,Göteborgs Löparevent — Swedish Run Clubs,Kommande grupplöpningar och events från Göteborgs run clubs — Strava-events och veckoliga grupplöpningar.
goteborg.html,Löpargrupper Göteborg — Hitta din Run Club | Runclubs.se,"Löpargrupper i Göteborg — Slottsskogen, Änggårdsbergen och Delsjön. Filtrera på dag och nivå, hitta ditt crew och hoppa på din första löpning."
hogdalen-run-club.html,Högdalen Run Club — Löpargrupp Södra Stockholm | Runclubs.se,"Högdalen Run Club — lokal crew i södra Stockholm. Alla nivåer välkomna, inget krav på snabba ben. Hitta tider och dyk in när du vill."
index-feminine-v2.html,"Löpargrupper i Sverige — Stockholm, Göteborg, Malmö | Swedish Run Clubs","Hitta din löpargäng i Sverige. Run clubs i Stockholm, Göteborg och Malmö — för alla som vill springa tillsammans."
index-feminine.html,"Löpargrupper i Sverige — Stockholm, Göteborg, Malmö | Swedish Run Clubs","Hitta din löpargäng i Sverige. Run clubs i Stockholm, Göteborg och Malmö — för alla som vill springa tillsammans."
index.html,"Löpargrupper i Sverige — Stockholm, Göteborg, Malmö | Runclubs.se","Löpargrupper i Stockholm, Göteborg och Malmö — alla Sveriges run clubs samlade på ett ställe. Filtrera på stad och nivå. Hitta ditt crew och spring idag."
klubb.html,Run Club — Swedish Run Clubs,"Upptäck en löpargrupp — tider, startplats, nivå och vad som väntar. Hitta din crew och dra på dig skorna."
kontakt.html,Kontakt — Runclubs.se | Run Clubs &amp; Löpargrupper i Sverige,"Tips om ny run club, nyhetstips eller samarbete? Hör av dig till Runclubs.se — vi svarar oftast samma dag och är alltid öppna för bra idéer."
lopning-for-tjejer.html,Löpning för Tjejer — Löpargrupper &amp; Sällskap | Runclubs.se,"Löpning för tjejer i Sverige — Stockholms stora Facebook-grupp för löpsällskap och träning ihop. Gratis, chill och alla tempon välkomna. Hitta din grupp."
loppkalender.html,"Löptävlingar Sverige 2026 — Maraton, Halvmaraton &amp; 10 km | Runclubs.se","Kommande löptävlingar i Sverige 2026 — maraton, halvmaraton och 10 km i Stockholm, Göteborg och Malmö. Hitta ditt nästa lopp och anmäl dig."
malmo-running-events.html,Malmös Löparevent — Swedish Run Clubs,Kommande grupplöpningar och events från Malmös run clubs — Strava-events och veckoliga grupplöpningar.
malmo.html,Löpargrupper Malmö — Hitta din Run Club | Runclubs.se,"Löpargrupper i Malmö — från Ribersborg till Folkets Park. Filtrera på dag och nivå, hitta ditt crew och lägg in första löpningen i kalendern."
mellqvist-run-club.html,Mellqvist Run Club Stockholm — Kaffe &amp; Löpning | Runclubs.se,Mellqvist Run Club — Stockholmsklubb där kaffet och frukosten är halva grejen. Springer för bullen och ett av stans bästa kaffe. Häng med.
mikkeller-running-club-sthlm.html,Mikkeller Running Club Stockholm — Löpargrupp | Runclubs.se,"Mikkeller Running Club Stockholm — globalt community i 10 år. Tisdagar 18:00 från Mikkeller Bar, öl efter. Alla välkomna — hoppa på och dyk in."
mockup-botanik.html,Amanda Hultin — Hjälper småföretag att synas,Jag hjälper mindre företag att synas — från hemsida och storytelling till annonsering och nyhetsbrev. Kontakta mig för en kostnadsfri rådgivning.
mockup-korall.html,Amanda Hultin — Hjälper dig att synas,Jag hjälper dig att synas — från hemsida och storytelling till annonsering och nyhetsbrev. Kontakta mig för en kostnadsfri rådgivning.
mockup-lila.html,Amanda Hultin — Hjälper dig att synas,Jag hjälper dig att synas — från hemsida och storytelling till annonsering och nyhetsbrev. Kontakta mig för en kostnadsfri rådgivning.
mockup-solsken.html,Amanda Hultin — Hjälper småföretag att synas,Jag hjälper mindre företag att synas — från hemsida och storytelling till annonsering och nyhetsbrev. Kontakta mig för en kostnadsfri rådgivning.
mrc-malmo.html,MRC Malmö — Löpargrupp i Malmö | Runclubs.se,"MRC Malmö — löpargrupp för alla nivåer i Malmö. Kolla tider, startplats och vad som händer. Hitta ditt Malmö-crew och dyk in."
nyheter.html,Nyheter om Run Clubs &amp; Löpning i Sverige | Runclubs.se,"Senaste nytt från svenska löparvärlden — nya clubs, event-drops, trender och allt löpare bör ha koll på. Uppdateras varje vecka. Håll koll här."
om-oss.html,Om Runclubs.se — Sveriges Run Club-guide | Runclubs.se,"Swedish Run Clubs är en oberoende guide till Sveriges löpargrupper — byggd av löpare, för löpare. Läs om idén bakom sajten och vad som händer härnäst."
placeholder-preview.html,Planerad variation — Swedish Run Clubs,
pulse-pacers.html,Pulse Pacers Stockholm — 5 km Löpargrupp | Runclubs.se,Pulse Pacers Stockholm — 5 km-crew. Onsdagar 18:30 från The King
rtc.html,Roberg Training Club — Löpargrupp Stockholm | Runclubs.se,"Roberg Training Club (RTC) — ett av Stockholms mest ambitiösa löparcommunities. Intervaller, långpass och tävlingar. Trains hard, races everywhere."
run-collective-stockholm.html,Run Collective Stockholm — Löpargrupp Södermalm | Runclubs.se,"Run Collective Stockholm — internationell löpargrupp sedan 2022. Tisdagar och lördagar på Södermalm. Schysst vibe, bagdrop och socialt häng. Dyk in."
runday.html,Runday Stockholm — Löpargrupp för Snabba Ben | Runclubs.se,Runday Stockholm — intervaller och tröskelpass för dig som vill springa snabbare. Måndagar och onsdagar 18:00 i Stockholm. Testa första passet.
running-events.html,Running Events Sverige — Swedish Run Clubs,"Alla kommande running events och weekly runs i Stockholm, Göteborg och Malmö — från run clubs, crews och communions."
samarbeta.html,Samarbeta med Runclubs.se — Nå Sveriges Löpare | Runclubs.se,"Nå Sveriges mest engagerade löpare via sajt, nyhetsbrev och sociala medier. Bygg en kampanj som landar på riktigt — kontakta oss och dra igång."
saucony-run-club-sverige.html,Saucony Run Club Sverige — Löpargrupp Stockholm | Runclubs.se,Saucony Run Club Sverige — löpargrupp från Downtown Camper på Brunkebergstorg. Energifyllda onsdagspass i Stockholm. Häng med och upplev staden löpande.
saucony-run-club.html,Omdirigerar till Saucony Run Club Sverige…,
she-runs-club.html,She Runs Club Göteborg — Löpargrupp för Tjejer | Runclubs.se,"She Runs Club Göteborg — crew för tjejer som vill utmana sig själva. Varm och inkluderande vibe, alla nivåer välkomna. Häng med och hoppa på."
slowrunners-goteborg.html,Slowrunners Göteborg — Löpargrupp för Alla | Runclubs.se,"Slowrunners Göteborg — löpning i lägre tempo. Söndagar, 90 min i 8:00 min/km. Gratis att delta — kom som du är, håll det chill och njut."
slowrunners-sthlm.html,Slowrunners Sthlm — Lugn Löpargrupp Stockholm | Runclubs.se,"Slowrunners Sthlm — för dig som tar det lugnt. Söndagar 10:00 vid Tanto utegym. Inget tempokrav, bara schysst sällskap. Välkommen som du är."
soderloparna-stockholm.html,Söderlöparna Stockholm — Lördagslöpning med Fika | Runclubs.se,"Söderlöparna Stockholm — chill lördagslöpning från Gullmarsplan med fikastopp efteråt. Bra sällskap, alla välkomna. Kolla nästa tillfälle och häng med."
solemates-runclub.html,Solemates Runclub Stockholm — Social Löpargrupp | Runclubs.se,Solemates Runclub Stockholm — social löpargrupp för alla nivåer. Tisdagar 19:30 från Karlavägen. Ingen anmälan — kom som du är och dyk in.
stadium-run-club.html,Stadium Run Club — Gratis Löpargrupp Stockholm | Runclubs.se,"Stadium Run Club Stockholm — gratis löpargrupp på Kungsgatan. Torsdagar 17:30, testa skor under löpning. Alla välkomna — ingen anmälan krävs."
stockholm-marathon-2026-slutsalt.html,Stockholm Marathon 2026 Slutsålt — Vad händer nu? | Runclubs.se,Stockholm Marathon 2026 slutsålt på rekordtid — 25 000 platser borta. Vad det säger om löparåret och hur du hittar din nästa start.
stockholm-run-club.html,Stockholm Run Club — Löpargrupp Östermalm | Runclubs.se,"Gratis löpargrupp för alla nivåer — tisdagar och söndagar på Östermalm. Grundad 2020, backad av Adidas och Red Bull. Ingen anmälan — dyk in."
stockholm-running-events.html,Stockholms Löparevent — Swedish Run Clubs,Kommande grupplöpningar och events från Stockholms run clubs — Strava-events och veckoliga grupplöpningar.
stockholm.html,Löpargrupper Stockholm — Hitta din Run Club | Runclubs.se,"Löpargrupper i Stockholm — alla run clubs, tider och startplatser samlade. Från Hagaparken till Södermalm. Hitta ditt crew och hoppa på idag."
svedjans-lopsallskap.html,Svedjans Löpsällskap — Löpning &amp; Bullar | Runclubs.se,"Svedjans Löpsällskap — löparsällskapet som gillar bullar. Måndagar 17:30 från Svedjan Bageri. Bra sällskap, magiska bakverk och gratis att delta."
sweden-runners-goteborg.html,Sweden Runners Göteborg — Ledarledda Pass | Runclubs.se,"Sweden Runners Göteborg — ledarledda löparpass i Änggårdsbergen varje torsdag 18:00. Alla nivåer, 649 kr/år, friskvårdsbidrag godkänt. Anmäl dig."
sweden-runners-malmo.html,Sweden Runners Malmö — Ledarledda Löparpass | Runclubs.se,Sweden Runners Malmö — ledarledda löparpass för alla nivåer i Malmö. Friskvårdsbidrag godkänt. Hitta tider och anmäl dig till första löpningen.
tjejer-tar-over-lopsparen.html,Tjejer tar över löpspåren — Trenden 2026 | Runclubs.se,Aldrig har så många tjejer sprungit i grupp i Sverige. Läs om trenden som sveper landet och hitta en löpargrupp att hänga med idag.
tjejmilen-runclub.html,Tjejmilen Run Club — Löpargrupp Stockholm Tjejer | Runclubs.se,"Tjejmilen Run Club — löpargrupp för tjejer med Tjejmilen som mål 5 september. Utgår från Joe And The Juice. Gratis, social och alla välkomna."
triple-threshold-rc.html,Triple Threshold RC — Löpargrupp Södermalm | Runclubs.se,Triple Threshold RC — Södermalms löparcommunity med fokus på prestation. Långpass och intervaller onsdagar och lördagar. Alla välkomna att häng på.
zlk-zinken-lopklubb.html,ZLK — Zinken Löpklubb Stockholm | Runclubs.se,"ZLK Zinken Löpklubb — glada löpare i Stockholm. Onsdagar från Zinkensdamms IP. Bra vibes, alla nivåer, ingen anmälan — dyk in och häng med."
